state_territory_federal_entity,total_doses_distributed,total_doses_administered,doses_distributed_per_100k,doses_administered_per_100k,people_with_1_doses,people_with_1_doses_per_100k,people_with_2_doses,people_with_2_doses_per_100k,date,postal_code,fips_code
Alaska,170575,101597,23317,13888,83363,11395,18097,2474,2021-01-28,AK,2
Alabama,634000,266444,12930,5434,232633,4745,33595,685,2021-01-28,AL,1
Arkansas,406175,252824,13459,8378,209445,6940,40910,1356,2021-01-28,AR,5
American Samoa,18450,9085,33130,16314,8133,14604,950,1706,2021-01-28,AS,60
Arizona,990000,458258,13601,6296,389059,5345,68846,946,2021-01-28,AZ,4
Bureau of Prisons,30050,27326,NA,NA,20415,NA,6846,NA,2021-01-28,NA,NA
California,5452575,2579666,13800,6529,2156029,5457,417606,1057,2021-01-28,CA,6
Colorado,775050,474527,13459,8240,381679,6628,90200,1566,2021-01-28,CO,8
Connecticut,543975,360991,15258,10125,302710,8490,51939,1457,2021-01-28,CT,9
District of Columbia,107575,68086,15243,9647,53590,7593,14434,2045,2021-01-28,DC,11
Dept of Defense,769450,366010,NA,NA,318701,NA,40396,NA,2021-01-28,NA,NA
Delaware,140850,77449,14464,7954,64952,6670,12352,1268,2021-01-28,DE,10
Florida,3095850,1632491,14414,7601,1451507,6758,176671,823,2021-01-28,FL,12
Federated States of Micronesia,19400,3241,18718,3127,3210,3097,4,4,2021-01-28,NA,NA
Georgia,1412450,712866,13303,6714,622905,5867,75360,710,2021-01-28,GA,13
Guam,34300,18263,20692,11017,14269,8608,3869,2334,2021-01-28,GU,66
Hawaii,217425,97692,15356,6900,79147,5590,18544,1310,2021-01-28,HI,15
Iowa,362875,204196,11501,6472,165466,5244,36067,1143,2021-01-28,IA,19
Idaho,203225,96991,11372,5427,80857,4525,15443,864,2021-01-28,ID,16
Indian Health Svc,386400,165764,NA,NA,135456,NA,28995,NA,2021-01-28,NA,NA
Illinois,1591000,766659,12555,6050,611024,4822,147925,1167,2021-01-28,IL,17
Indiana,920975,524180,13680,7786,432791,6429,91255,1355,2021-01-28,IN,18
Kansas,392875,168392,13486,5780,140685,4829,26457,908,2021-01-28,KS,20
Kentucky,585500,323268,13105,7236,285291,6386,36054,807,2021-01-28,KY,21
Louisiana,620325,358746,13344,7717,311135,6693,46954,1010,2021-01-28,LA,22
Massachusetts,956800,464275,13882,6736,390470,5665,73152,1061,2021-01-28,MA,25
Maryland,820425,389253,13570,6439,340191,5627,48629,804,2021-01-28,MD,24
Maine,204325,109183,15200,8122,86103,6405,21707,1615,2021-01-28,ME,23
Marshall Islands,13600,3538,23282,6057,3487,5970,20,34,2021-01-28,NA,NA
Michigan,1352100,772031,13539,7730,629437,6303,131282,1315,2021-01-28,MI,26
Minnesota,787875,375395,13970,6656,298902,5300,75844,1345,2021-01-28,MN,27
Missouri,750175,358150,12223,5836,276990,4513,79526,1296,2021-01-28,MO,29
Northern Mariana Islands,18650,9026,32787,15868,5966,10488,3056,5373,2021-01-28,MP,69
Mississippi,396550,190239,13324,6392,172522,5797,17499,588,2021-01-28,MS,28
Montana,133025,81169,12446,7595,65746,6152,15397,1441,2021-01-28,MT,30
North Carolina,1397275,716748,13323,6834,627980,5988,88145,840,2021-01-28,NC,37
North Dakota,96425,77230,12653,10134,58673,7699,16952,2224,2021-01-28,ND,38
Nebraska,284275,139573,14696,7215,114154,5901,24598,1272,2021-01-28,NE,31
New Hampshire,190875,103080,14038,7581,84813,6238,18224,1340,2021-01-28,NH,33
New Jersey,1207100,611862,13590,6889,530412,5972,79648,897,2021-01-28,NJ,34
New Mexico,303625,217075,14480,10353,176038,8395,38292,1826,2021-01-28,NM,35
Nevada,338525,174367,10991,5661,149464,4852,23852,774,2021-01-28,NV,32
New York,2744450,1518697,14108,7807,1286705,6614,212802,1094,2021-01-28,NY,36
Ohio,1507000,746249,12892,6384,657075,5621,88834,760,2021-01-28,OH,39
Oklahoma,569575,345144,14394,8722,296308,7488,46596,1178,2021-01-28,OK,40
Oregon,599900,325488,14223,7717,276200,6549,48261,1144,2021-01-28,OR,41
Pennsylvania,1817925,851980,14200,6655,693731,5419,156798,1225,2021-01-28,PA,42
Puerto Rico,506425,199762,15857,6255,156071,4887,42437,1329,2021-01-28,PR,72
Rhode Island,151675,76284,14318,7201,59853,5650,16410,1549,2021-01-28,RI,44
Republic of Palau,6000,3046,33506,17010,3046,17010,0,0,2021-01-28,NA,NA
South Carolina,548250,326985,10648,6351,275291,5347,49869,969,2021-01-28,SC,45
South Dakota,122825,86986,13884,9833,65031,7351,21895,2475,2021-01-28,SD,46
Tennessee,886225,487632,12977,7140,374108,5478,112362,1645,2021-01-28,TN,47
Texas,3505450,1974374,12089,6809,1648575,5686,324212,1118,2021-01-28,TX,48
Utah,394250,239807,12297,7480,201134,6274,30065,938,2021-01-28,UT,49
Virginia,1179550,629019,13819,7369,524196,6141,79443,931,2021-01-28,VA,51
Veterans Health,1312125,746109,NA,NA,626115,NA,119254,NA,2021-01-28,NA,NA
Virgin Islands,16875,4174,16121,3987,3538,3380,636,608,2021-01-28,VI,78
Vermont,96825,55377,15517,8875,44498,7131,10806,1732,2021-01-28,VT,50
Washington,981050,534445,12883,7018,441895,5803,81786,1074,2021-01-28,WA,53
Wisconsin,790400,335519,13575,5763,281166,4829,52332,899,2021-01-28,WI,55
West Virginia,278400,214926,15534,11993,169671,9467,45244,2525,2021-01-28,WV,54
Wyoming,82825,43425,14311,7503,37963,6559,5419,936,2021-01-28,WY,56
Alaska,162925,98149,22271,13417,81200,11100,16815,2299,2021-01-27,AK,2
Alabama,569000,254959,11605,5200,223854,4565,30933,631,2021-01-27,AL,1
Arkansas,394775,236290,13082,7830,196815,6522,37055,1228,2021-01-27,AR,5
American Samoa,18450,8315,33130,14931,7365,13225,948,1702,2021-01-27,AS,60
Arizona,837200,430892,11502,5920,366018,5029,64551,887,2021-01-27,AZ,4
Bureau of Prisons,30050,25513,NA,NA,19471,NA,5971,NA,2021-01-27,NA,NA
California,5340275,2446577,13516,6192,2053652,5198,387563,981,2021-01-27,CA,6
Colorado,726450,457746,12615,7949,372266,6464,82946,1440,2021-01-27,CO,8
Connecticut,515675,342643,14464,9611,291257,8169,45190,1267,2021-01-27,CT,9
District of Columbia,97600,64748,13829,9174,51399,7283,13293,1884,2021-01-27,DC,11
Dept of Defense,689425,346180,NA,NA,304294,NA,35570,NA,2021-01-27,NA,NA
Delaware,129250,68507,13273,7035,56646,5817,11724,1204,2021-01-27,DE,10
Florida,3095350,1575490,14412,7335,1412466,6576,158886,740,2021-01-27,FL,12
Federated States of Micronesia,19400,2977,18718,2872,2973,2869,4,4,2021-01-27,NA,NA
Georgia,1309850,668589,12337,6297,591385,5570,64989,612,2021-01-27,GA,13
Guam,34300,17306,20692,10440,13378,8070,3803,2294,2021-01-27,GU,66
Hawaii,210425,93760,14862,6622,75820,5355,17939,1267,2021-01-27,HI,15
Iowa,361575,197982,11460,6275,162795,5160,32547,1032,2021-01-27,IA,19
Idaho,184025,93766,10298,5247,78484,4392,14627,818,2021-01-27,ID,16
Indian Health Svc,357950,158282,NA,NA,131481,NA,25502,NA,2021-01-27,NA,NA
Illinois,1548950,737989,12224,5824,590212,4658,140394,1108,2021-01-27,IL,17
Indiana,900175,498824,13371,7410,413982,6149,84719,1258,2021-01-27,IN,18
Kansas,348175,158743,11951,5449,132153,4536,25349,870,2021-01-27,KS,20
Kentucky,557975,312192,12489,6988,279715,6261,30633,686,2021-01-27,KY,21
Louisiana,602025,345675,12950,7436,301874,6494,43189,929,2021-01-27,LA,22
Massachusetts,875825,442703,12707,6423,376313,5460,65761,954,2021-01-27,MA,25
Maryland,786300,365519,13006,6046,322860,5340,42228,698,2021-01-27,MD,24
Maine,195925,104924,14575,7806,83464,6209,20096,1495,2021-01-27,ME,23
Marshall Islands,13600,3284,23282,5622,3250,5564,3,5,2021-01-27,NA,NA
Michigan,1289025,742270,12907,7432,611090,6119,119962,1201,2021-01-27,MI,26
Minnesota,689450,360442,12225,6391,287195,5092,72622,1288,2021-01-27,MN,27
Missouri,665300,340273,10840,5544,262230,4273,76467,1246,2021-01-27,MO,29
Northern Mariana Islands,18650,8738,32787,15362,5679,9984,3055,5371,2021-01-27,MP,69
Mississippi,372050,182013,12501,6116,165668,5567,16134,542,2021-01-27,MS,28
Montana,119500,77748,11181,7274,63481,5940,14245,1333,2021-01-27,MT,30
North Carolina,1250900,699722,11927,6672,611853,5834,87292,832,2021-01-27,NC,37
North Dakota,86750,75457,11384,9902,58131,7628,15742,2066,2021-01-27,ND,38
Nebraska,238100,135131,12309,6986,111248,5751,23065,1192,2021-01-27,NE,31
New Hampshire,180525,97002,13277,7134,81417,5988,15542,1143,2021-01-27,NH,33
New Jersey,1091400,575733,12288,6482,501812,5650,72212,813,2021-01-27,NJ,34
New Mexico,270725,210136,12911,10022,171579,8183,35823,1708,2021-01-27,NM,35
Nevada,338025,164362,10974,5336,140934,4576,22508,731,2021-01-27,NV,32
New York,2401900,1453972,12347,7474,1245215,6401,189791,976,2021-01-27,NY,36
Ohio,1406950,708026,12036,6057,627390,5367,80329,687,2021-01-27,OH,39
Oklahoma,530675,328874,13411,8311,284799,7197,41814,1057,2021-01-27,OK,40
Oregon,589200,308066,13970,7304,263167,6240,43942,1042,2021-01-27,OR,41
Pennsylvania,1636675,800354,12785,6252,657711,5138,141304,1104,2021-01-27,PA,42
Puerto Rico,416900,188681,13054,5908,147910,4631,39522,1238,2021-01-27,PR,72
Rhode Island,151675,72264,14318,6821,58097,5484,14148,1336,2021-01-27,RI,44
Republic of Palau,6000,3046,33506,17010,3044,16999,2,11,2021-01-27,NA,NA
South Carolina,519600,317211,10092,6161,267262,5191,48157,935,2021-01-27,SC,45
South Dakota,117725,82823,13307,9362,64012,7236,18753,2120,2021-01-27,SD,46
Tennessee,838925,467933,12284,6852,365235,5348,101657,1489,2021-01-27,TN,47
Texas,3342350,1917896,11527,6614,1614648,5569,301684,1040,2021-01-27,TX,48
Utah,374850,230418,11692,7187,196507,6129,25817,805,2021-01-27,UT,49
Virginia,1172375,594828,13735,6969,497055,5823,72628,851,2021-01-27,VA,51
Veterans Health,1260325,703351,NA,NA,600904,NA,101749,NA,2021-01-27,NA,NA
Virgin Islands,15700,3747,14998,3579,3251,3106,496,474,2021-01-27,VI,78
Vermont,92925,54416,14892,8721,43994,7050,10349,1659,2021-01-27,VT,50
Washington,960800,507610,12617,6666,420728,5525,76144,1000,2021-01-27,WA,53
Wisconsin,685100,318096,11767,5463,268091,4604,48017,825,2021-01-27,WI,55
West Virginia,278400,210492,15534,11745,167660,9355,42821,2389,2021-01-27,WV,54
Wyoming,71725,41339,12393,7143,36398,6289,4900,847,2021-01-27,WY,56
Alaska,155700,97031,21284,13264,80226,10967,16673,2279,2021-01-26,AK,2
Alabama,521225,250612,10630,5111,220464,4496,29978,611,2021-01-26,AL,1
Arkansas,368650,221095,12216,7326,185546,6148,33159,1099,2021-01-26,AR,5
American Samoa,18450,8046,33130,14448,7096,12742,948,1702,2021-01-26,AS,60
Arizona,829500,413662,11396,5683,350648,4817,62711,862,2021-01-26,AZ,4
Bureau of Prisons,24750,24360,NA,NA,18988,NA,5301,NA,2021-01-26,NA,NA
California,4906525,2330633,12418,5899,1954048,4945,371482,940,2021-01-26,CA,6
Colorado,692700,447880,12029,7777,364889,6336,80467,1397,2021-01-26,CO,8
Connecticut,492850,331264,13824,9291,282674,7929,42421,1190,2021-01-26,CT,9
District of Columbia,91025,64194,12898,9096,50902,7212,13236,1875,2021-01-26,DC,11
Dept of Defense,677025,346180,NA,NA,304294,NA,35570,NA,2021-01-26,NA,NA
Delaware,116325,66914,11946,6872,55131,5662,11647,1196,2021-01-26,DE,10
Florida,2908275,1544794,13541,7193,1384407,6446,156298,728,2021-01-26,FL,12
Federated States of Micronesia,19400,2758,18718,2661,2755,2658,3,3,2021-01-26,NA,NA
Georgia,1235775,604067,11639,5689,534161,5031,59965,565,2021-01-26,GA,13
Guam,34300,3791,20692,2287,3785,2283,0,0,2021-01-26,GU,66
Hawaii,191575,92092,13531,6504,74296,5247,17795,1257,2021-01-26,HI,15
Iowa,361475,196203,11457,6219,161445,5117,32149,1019,2021-01-26,IA,19
Idaho,181100,91271,10134,5107,76199,4264,14419,807,2021-01-26,ID,16
Indian Health Svc,357850,155529,NA,NA,130085,NA,24145,NA,2021-01-26,NA,NA
Illinois,1417250,723203,11184,5707,578406,4565,137465,1085,2021-01-26,IL,17
Indiana,841725,491856,12503,7306,408181,6063,83554,1241,2021-01-26,IN,18
Kansas,348175,154719,11951,5311,129861,4458,23635,811,2021-01-26,KS,20
Kentucky,471000,307462,10542,6882,275610,6169,30010,672,2021-01-26,KY,21
Louisiana,543700,341447,11696,7345,297684,6403,43151,928,2021-01-26,LA,22
Massachusetts,859175,433615,12465,6291,368358,5344,64648,938,2021-01-26,MA,25
Maryland,742175,350835,12276,5803,311148,5147,39259,649,2021-01-26,MD,24
Maine,178450,104069,13275,7742,82837,6162,19873,1478,2021-01-26,ME,23
Marshall Islands,13600,3098,23282,5304,3065,5247,3,5,2021-01-26,NA,NA
Michigan,1095675,727437,10971,7284,599665,6005,116840,1170,2021-01-26,MI,26
Minnesota,680700,346864,12070,6150,273973,4858,72266,1281,2021-01-26,MN,27
Missouri,661400,335695,10777,5470,258298,4209,75823,1235,2021-01-26,MO,29
Northern Mariana Islands,18650,8495,32787,14934,5474,9623,3017,5304,2021-01-26,MP,69
Mississippi,358100,180960,12032,6080,164715,5535,16034,539,2021-01-26,MS,28
Montana,119500,77356,11181,7238,63224,5916,14111,1320,2021-01-26,MT,30
North Carolina,1246600,676037,11886,6446,589436,5620,86064,821,2021-01-26,NC,37
North Dakota,86750,75242,11384,9873,57996,7610,15680,2058,2021-01-26,ND,38
Nebraska,238100,134033,12309,6929,110672,5721,22547,1166,2021-01-26,NE,31
New Hampshire,162950,94623,11984,6959,80674,5933,13907,1023,2021-01-26,NH,33
New Jersey,989900,563141,11145,6340,492061,5540,69374,781,2021-01-26,NJ,34
New Mexico,257075,204670,12260,9761,166530,7942,35507,1693,2021-01-26,NM,35
Nevada,286950,159869,9316,5190,136670,4437,22279,723,2021-01-26,NV,32
New York,2395950,1418313,12316,7291,1215450,6248,183915,945,2021-01-26,NY,36
Ohio,1233075,685622,10549,5865,608379,5205,76949,658,2021-01-26,OH,39
Oklahoma,496350,326546,12544,8252,282679,7144,41634,1052,2021-01-26,OK,40
Oregon,492450,300676,11676,7129,257296,6100,42426,1006,2021-01-26,OR,41
Pennsylvania,1564125,776799,12218,6068,639526,4996,135939,1062,2021-01-26,PA,42
Puerto Rico,371550,187617,11634,5875,146984,4602,39384,1233,2021-01-26,PR,72
Rhode Island,149225,70419,14086,6647,56751,5357,13649,1288,2021-01-26,RI,44
Republic of Palau,6000,3046,33506,17010,3044,16999,2,11,2021-01-26,NA,NA
South Carolina,453250,307348,8803,5969,258015,5011,47563,924,2021-01-26,SC,45
South Dakota,106575,82512,12047,9327,63950,7229,18504,2092,2021-01-26,SD,46
Tennessee,838825,462646,12283,6775,361767,5297,99842,1462,2021-01-26,TN,47
Texas,3070825,1804006,10591,6222,1532381,5285,270118,932,2021-01-26,TX,48
Utah,341725,229007,10659,7143,195221,6089,25693,801,2021-01-26,UT,49
Virginia,1069725,482973,12533,5658,415684,4870,59852,701,2021-01-26,VA,51
Veterans Health,1151525,702779,NA,NA,600685,NA,101396,NA,2021-01-26,NA,NA
Virgin Islands,14500,3399,13852,3247,2984,2851,415,396,2021-01-26,VI,78
Vermont,90000,53624,14423,8594,43356,6948,10195,1634,2021-01-26,VT,50
Washington,846625,488785,11118,6419,404326,5310,73738,968,2021-01-26,WA,53
Wisconsin,610100,315876,10478,5425,266481,4577,47409,814,2021-01-26,WI,55
West Virginia,243100,203992,13565,11383,164528,9180,39453,2201,2021-01-26,WV,54
Wyoming,70750,41156,12224,7111,36215,6257,4900,847,2021-01-26,WY,56
Alaska,155700,94257,21284,12885,77925,10652,16201,2215,2021-01-25,AK,2
Alabama,521225,243737,10630,4971,213833,4361,29736,606,2021-01-25,AL,1
Arkansas,368650,214240,12216,7099,179290,5941,32572,1079,2021-01-25,AR,5
American Samoa,18450,8046,33130,14448,7096,12742,948,1702,2021-01-25,AS,60
Arizona,829500,390623,11396,5367,332095,4563,58291,801,2021-01-25,AZ,4
Bureau of Prisons,24750,24082,NA,NA,18965,NA,5044,NA,2021-01-25,NA,NA
California,4906525,2199908,12418,5568,1838464,4653,356382,902,2021-01-25,CA,6
Colorado,692700,434496,12029,7545,355124,6167,76902,1335,2021-01-25,CO,8
Connecticut,492850,321737,13824,9024,275126,7717,40506,1136,2021-01-25,CT,9
District of Columbia,91025,62391,12898,8840,49292,6984,13043,1848,2021-01-25,DC,11
Dept of Defense,677025,336450,NA,NA,296176,NA,34204,NA,2021-01-25,NA,NA
Delaware,116325,64186,11946,6592,52586,5400,11464,1177,2021-01-25,DE,10
Florida,2908275,1544794,13541,7193,1384479,6446,156226,727,2021-01-25,FL,12
Federated States of Micronesia,13600,2752,13122,2655,2749,2652,3,3,2021-01-25,NA,NA
Georgia,1235775,604067,11639,5689,534161,5031,59965,565,2021-01-25,GA,13
Guam,34300,3791,20692,2287,3785,2283,0,0,2021-01-25,GU,66
Hawaii,191575,84792,13531,5989,67990,4802,16802,1187,2021-01-25,HI,15
Iowa,361475,191183,11457,6060,157635,4996,30949,981,2021-01-25,IA,19
Idaho,181100,87128,10134,4875,72424,4053,14059,787,2021-01-25,ID,16
Indian Health Svc,357850,153784,NA,NA,128843,NA,23643,NA,2021-01-25,NA,NA
Illinois,1417250,699072,11184,5517,556517,4392,135330,1068,2021-01-25,IL,17
Indiana,841725,446029,12503,6625,367944,5465,77985,1158,2021-01-25,IN,18
Kansas,348175,151249,11951,5192,127417,4374,22610,776,2021-01-25,KS,20
Kentucky,471000,299493,10542,6704,268308,6006,29346,657,2021-01-25,KY,21
Louisiana,543700,334086,11696,7187,290955,6259,42520,915,2021-01-25,LA,22
Massachusetts,859175,419806,12465,6091,356102,5167,63096,915,2021-01-25,MA,25
Maryland,742175,338544,12276,5600,300609,4972,37507,620,2021-01-25,MD,24
Maine,178450,99815,13275,7426,79310,5900,19151,1425,2021-01-25,ME,23
Marshall Islands,13600,3098,23282,5304,3065,5247,3,5,2021-01-25,NA,NA
Michigan,1095675,695273,10971,6962,573167,5739,111243,1114,2021-01-25,MI,26
Minnesota,680700,321180,12070,5695,252927,4485,67716,1201,2021-01-25,MN,27
Missouri,661400,317737,10777,5177,242937,3958,73248,1193,2021-01-25,MO,29
Northern Mariana Islands,18650,8390,32787,14750,5369,9439,3017,5304,2021-01-25,MP,69
Mississippi,358100,177636,12032,5969,161507,5427,15918,535,2021-01-25,MS,28
Montana,119500,76590,11181,7166,62498,5848,14071,1317,2021-01-25,MT,30
North Carolina,1246600,636439,11886,6068,552194,5265,83752,799,2021-01-25,NC,37
North Dakota,86750,73175,11384,9602,56158,7369,15589,2046,2021-01-25,ND,38
Nebraska,238100,132846,12309,6868,109860,5679,22175,1146,2021-01-25,NE,31
New Hampshire,162950,93338,11984,6865,79942,5879,13355,982,2021-01-25,NH,33
New Jersey,989900,535625,11145,6030,468760,5278,65164,734,2021-01-25,NJ,34
New Mexico,257075,200141,12260,9545,162636,7756,34878,1663,2021-01-25,NM,35
Nevada,286950,152203,9316,4941,129223,4195,22068,716,2021-01-25,NV,32
New York,2395950,1365404,12316,7019,1172921,6029,176659,908,2021-01-25,NY,36
Ohio,1233075,647104,10549,5536,575488,4923,71344,610,2021-01-25,OH,39
Oklahoma,496350,322810,12544,8158,279283,7058,41289,1043,2021-01-25,OK,40
Oregon,492450,285922,11676,6779,244669,5801,40348,957,2021-01-25,OR,41
Pennsylvania,1564125,744591,12218,5816,611359,4776,131908,1030,2021-01-25,PA,42
Puerto Rico,371550,184173,11634,5767,143910,4506,39016,1222,2021-01-25,PR,72
Rhode Island,149225,67566,14086,6378,54287,5125,13260,1252,2021-01-25,RI,44
Republic of Palau,6000,3046,33506,17010,3044,16999,2,11,2021-01-25,NA,NA
South Carolina,453250,278795,8803,5415,233257,4530,43810,851,2021-01-25,SC,45
South Dakota,106575,80441,12047,9093,63091,7132,17293,1955,2021-01-25,SD,46
Tennessee,838825,452042,12283,6619,354407,5190,96619,1415,2021-01-25,TN,47
Texas,3070825,1763299,10591,6081,1502751,5183,259056,893,2021-01-25,TX,48
Utah,341725,202729,10659,6324,175364,5470,20697,646,2021-01-25,UT,49
Virginia,1069725,451668,12533,5292,393127,4606,51170,599,2021-01-25,VA,51
Veterans Health,1151525,664245,NA,NA,564247,NA,99328,NA,2021-01-25,NA,NA
Virgin Islands,13525,3378,12920,3227,2969,2836,409,391,2021-01-25,VI,78
Vermont,90000,51872,14423,8313,41950,6723,9853,1579,2021-01-25,VT,50
Washington,846625,449385,11118,5901,370231,4862,68486,899,2021-01-25,WA,53
Wisconsin,610100,308290,10478,5295,260664,4477,45641,784,2021-01-25,WI,55
West Virginia,243100,202883,13565,11321,163801,9140,39071,2180,2021-01-25,WV,54
Wyoming,70750,40803,12224,7050,35868,6197,4895,846,2021-01-25,WY,56
Alaska,154325,71907,21096,9829,59449,8126,12352,1688,2021-01-22,AK,2
Alabama,493125,165919,10057,3384,144429,2946,21345,435,2021-01-22,AL,1
Arkansas,361550,173312,11981,5743,144792,4798,26541,879,2021-01-22,AR,5
American Samoa,18450,5664,33130,10171,4734,8501,929,1668,2021-01-22,AS,60
Arizona,797550,303899,10957,4175,262120,3601,41613,572,2021-01-22,AZ,4
Bureau of Prisons,24750,20838,NA,NA,17003,NA,3800,NA,2021-01-22,NA,NA
California,4379500,1633875,11084,4135,1335886,3381,293834,744,2021-01-22,CA,6
Colorado,657250,353194,11413,6133,296816,5154,54474,946,2021-01-22,CO,8
Connecticut,435075,264707,12203,7425,230913,6477,28602,802,2021-01-22,CT,9
District of Columbia,75175,55108,10652,7808,43377,6146,11685,1656,2021-01-22,DC,11
Dept of Defense,574900,274473,NA,NA,243577,NA,25429,NA,2021-01-22,NA,NA
Delaware,106600,49369,10947,5070,41900,4303,7355,755,2021-01-22,DE,10
Florida,2546050,1239975,11854,5773,1125338,5240,111763,520,2021-01-22,FL,12
Federated States of Micronesia,9800,2087,9456,2014,2084,2011,3,3,2021-01-22,NA,NA
Georgia,1162275,453862,10947,4275,407000,3833,39972,376,2021-01-22,GA,13
Guam,34300,3791,20692,2287,3785,2283,0,0,2021-01-22,GU,66
Hawaii,189675,79414,13396,5609,63282,4469,16132,1139,2021-01-22,HI,15
Iowa,328600,158743,10415,5031,139500,4421,16860,534,2021-01-22,IA,19
Idaho,178175,73372,9970,4106,61118,3420,11760,658,2021-01-22,ID,16
Indian Health Svc,323600,117297,NA,NA,99004,NA,17778,NA,2021-01-22,NA,NA
Illinois,1173325,570527,9259,4502,452010,3567,111933,883,2021-01-22,IL,17
Indiana,816025,387137,12121,5751,320266,4757,66801,992,2021-01-22,IN,18
Kansas,312000,130434,10709,4477,111907,3841,17430,598,2021-01-22,KS,20
Kentucky,450175,235143,10076,5263,217837,4876,15699,351,2021-01-22,KY,21
Louisiana,492800,279398,10601,6010,240762,5179,38095,819,2021-01-22,LA,22
Massachusetts,776400,353117,11264,5123,306646,4449,46247,671,2021-01-22,MA,25
Maryland,685325,271905,11336,4498,243450,4027,28106,465,2021-01-22,MD,24
Maine,165175,80502,12288,5989,67133,4994,12071,898,2021-01-22,ME,23
Marshall Islands,13600,1991,23282,3408,1959,3354,2,3,2021-01-22,NA,NA
Michigan,1059275,548844,10607,5496,463917,4645,81014,811,2021-01-22,MI,26
Minnesota,652350,259417,11567,4600,213102,3779,46008,816,2021-01-22,MN,27
Missouri,621200,265382,10122,4324,205217,3344,58782,958,2021-01-22,MO,29
Northern Mariana Islands,18650,7309,32787,12849,4606,8097,2700,4747,2021-01-22,MP,69
Mississippi,334800,136691,11249,4593,124931,4198,11567,389,2021-01-22,MS,28
Montana,112125,60389,10491,5650,50413,4717,9962,932,2021-01-22,MT,30
North Carolina,1157100,473282,11033,4513,406257,3874,66736,636,2021-01-22,NC,37
North Dakota,82850,59245,10872,7774,48986,6428,9881,1297,2021-01-22,ND,38
Nebraska,238000,111841,12304,5782,94850,4903,16206,838,2021-01-22,NE,31
New Hampshire,155150,80639,11411,5931,70281,5169,10319,759,2021-01-22,NH,33
New Jersey,923300,432220,10395,4866,381159,4291,49420,556,2021-01-22,NJ,34
New Mexico,237725,152465,11337,7271,122956,5864,27014,1288,2021-01-22,NM,35
Nevada,278175,115991,9031,3766,95837,3111,19296,626,2021-01-22,NV,32
New York,2213975,1116441,11381,5739,982183,5049,120801,621,2021-01-22,NY,36
Ohio,1122300,487481,9601,4170,456424,3905,30910,264,2021-01-22,OH,39
Oklahoma,490500,267434,12396,6759,230902,5835,34706,877,2021-01-22,OK,40
Oregon,479325,216928,11365,5143,192550,4565,23866,566,2021-01-22,OR,41
Pennsylvania,1344375,605428,10501,4729,508391,3971,96395,753,2021-01-22,PA,42
Puerto Rico,327950,147795,10269,4628,120250,3765,26627,834,2021-01-22,PR,72
Rhode Island,127450,59014,12031,5571,47859,4518,11136,1051,2021-01-22,RI,44
Republic of Palau,6000,2405,33506,13431,2403,13419,2,11,2021-01-22,NA,NA
South Carolina,443375,209631,8611,4072,173906,3378,34277,666,2021-01-22,SC,45
South Dakota,99300,65377,11225,7390,54531,6164,10796,1220,2021-01-22,SD,46
Tennessee,723825,375669,10599,5501,313154,4586,61743,904,2021-01-22,TN,47
Texas,2754800,1544551,9501,5327,1337706,4613,205538,709,2021-01-22,TX,48
Utah,337825,189578,10537,5913,166334,5188,17275,539,2021-01-22,UT,49
Virginia,992375,362092,11626,4242,320175,3751,40340,473,2021-01-22,VA,51
Veterans Health,1100725,527258,NA,NA,463738,NA,62996,NA,2021-01-22,NA,NA
Virgin Islands,13325,2744,12729,2621,2450,2340,294,281,2021-01-22,VI,78
Vermont,78875,42835,12640,6865,36233,5807,6545,1049,2021-01-22,VT,50
Washington,820875,373423,10780,4904,306942,4031,55902,734,2021-01-22,WA,53
Wisconsin,577325,238758,9916,4101,204746,3517,32268,554,2021-01-22,WI,55
West Virginia,231800,167548,12934,9349,135950,7586,31587,1763,2021-01-22,WV,54
Wyoming,67450,29309,11654,5064,25841,4465,3441,595,2021-01-22,WY,56
Alaska,150350,68293,20552,9335,56911,7780,11283,1542,2021-01-21,AK,2
Alabama,483275,139200,9856,2839,121113,2470,17956,366,2021-01-21,AL,1
Arkansas,334825,173312,11095,5743,144792,4798,26541,879,2021-01-21,AR,5
American Samoa,18450,5313,33130,9540,4476,8037,836,1501,2021-01-21,AS,60
Arizona,752250,281887,10335,3873,246960,3393,34788,478,2021-01-21,AZ,4
Bureau of Prisons,24750,19076,NA,NA,15949,NA,3092,NA,2021-01-21,NA,NA
California,4169450,1532329,10552,3878,1255311,3177,273276,692,2021-01-21,CA,6
Colorado,631400,340438,10964,5912,287174,4987,51460,894,2021-01-21,CO,8
Connecticut,430375,243140,12071,6820,213145,5978,25018,702,2021-01-21,CT,9
District of Columbia,75175,51733,10652,7330,41135,5829,10553,1495,2021-01-21,DC,11
Dept of Defense,499400,256867,NA,NA,229553,NA,22157,NA,2021-01-21,NA,NA
Delaware,100375,45640,10308,4687,38610,3965,6919,711,2021-01-21,DE,10
Florida,2545050,1239975,11850,5773,1125338,5240,111763,520,2021-01-21,FL,12
Federated States of Micronesia,9800,1756,9456,1694,1753,1691,3,3,2021-01-21,NA,NA
Georgia,1077375,397048,10147,3740,356010,3353,35029,330,2021-01-21,GA,13
Guam,34300,3791,20692,2287,3785,2283,0,0,2021-01-21,GU,66
Hawaii,154150,71944,10887,5081,58111,4104,13833,977,2021-01-21,HI,15
Iowa,291075,149850,9226,4749,133528,4232,13995,444,2021-01-21,IA,19
Idaho,166850,69267,9337,3876,58328,3264,10738,601,2021-01-21,ID,16
Indian Health Svc,315325,108975,NA,NA,93635,NA,14874,NA,2021-01-21,NA,NA
Illinois,1094000,539926,8633,4261,425824,3360,107651,850,2021-01-21,IL,17
Indiana,741025,356385,11007,5294,297720,4422,58616,871,2021-01-21,IN,18
Kansas,265600,122705,9117,4212,105679,3627,16013,550,2021-01-21,KS,20
Kentucky,444325,223946,9945,5013,208664,4671,13829,310,2021-01-21,KY,21
Louisiana,485625,264400,10446,5687,228831,4922,35049,754,2021-01-21,LA,22
Massachusetts,737550,330490,10701,4795,288209,4181,42062,610,2021-01-21,MA,25
Maryland,628800,258146,10401,4270,233443,3861,24355,403,2021-01-21,MD,24
Maine,155800,76167,11590,5666,64260,4780,10661,793,2021-01-21,ME,23
Marshall Islands,13600,1514,23282,2592,1482,2537,2,3,2021-01-21,NA,NA
Michigan,1031100,508607,10325,5093,434402,4350,70535,706,2021-01-21,MI,26
Minnesota,595775,252548,10564,4478,209862,3721,42384,752,2021-01-21,MN,27
Missouri,572125,244476,9322,3983,193867,3159,49330,804,2021-01-21,MO,29
Northern Mariana Islands,18650,6791,32787,11939,4569,8032,2219,3901,2021-01-21,MP,69
Mississippi,307950,122586,10347,4119,112525,3781,9979,335,2021-01-21,MS,28
Montana,111625,57220,10444,5354,48086,4499,9121,853,2021-01-21,MT,30
North Carolina,1118250,427480,10662,4076,368818,3517,58407,557,2021-01-21,NC,37
North Dakota,78150,57657,10255,7566,48350,6345,8954,1175,2021-01-21,ND,38
Nebraska,237500,106283,12278,5494,91040,4706,14463,748,2021-01-21,NE,31
New Hampshire,145400,75418,10693,5547,67366,4954,8013,589,2021-01-21,NH,33
New Jersey,898550,432220,10116,4866,381159,4291,49420,556,2021-01-21,NJ,34
New Mexico,225850,143302,10771,6834,116128,5538,24706,1178,2021-01-21,NM,35
Nevada,276775,107133,8986,3478,89110,2893,17209,559,2021-01-21,NV,32
New York,2057875,1046490,10578,5379,926339,4762,106821,549,2021-01-21,NY,36
Ohio,1119175,487481,9575,4170,456424,3905,30910,264,2021-01-21,OH,39
Oklahoma,455275,251684,11506,6361,217690,5501,32308,816,2021-01-21,OK,40
Oregon,431450,216928,10229,5143,192550,4565,23866,566,2021-01-21,OR,41
Pennsylvania,1223250,568660,9555,4442,482791,3771,85290,666,2021-01-21,PA,42
Puerto Rico,312450,136630,9783,4278,112524,3523,23428,734,2021-01-21,PR,72
Rhode Island,122575,56617,11571,5344,45904,4333,10696,1010,2021-01-21,RI,44
Republic of Palau,6000,1981,33506,11063,1980,11057,1,6,2021-01-21,NA,NA
South Carolina,437675,192608,8501,3741,160518,3118,30679,596,2021-01-21,SC,45
South Dakota,95825,62518,10832,7067,52548,5940,9922,1122,2021-01-21,SD,46
Tennessee,672825,358534,9852,5250,305780,4478,52051,762,2021-01-21,TN,47
Texas,2551125,1471746,8798,5076,1282998,4425,187503,647,2021-01-21,TX,48
Utah,319700,181792,9972,5670,159814,4985,16272,508,2021-01-21,UT,49
Virginia,962900,343366,11281,4023,304160,3563,37679,441,2021-01-21,VA,51
Veterans Health,1048050,432569,NA,NA,387870,NA,44329,NA,2021-01-21,NA,NA
Virgin Islands,12325,2418,11774,2310,2178,2081,240,229,2021-01-21,VI,78
Vermont,75950,40814,12172,6541,34607,5546,6167,988,2021-01-21,VT,50
Washington,805000,346765,10571,4554,286500,3762,49731,653,2021-01-21,WA,53
Wisconsin,538325,222492,9246,3821,193461,3323,27312,469,2021-01-21,WI,55
West Virginia,231800,158621,12934,8851,132929,7417,25681,1433,2021-01-21,WV,54
Wyoming,62575,29309,10812,5064,25841,4465,3441,595,2021-01-21,WY,56
Alaska,150350,68293,20552,9335,56911,7780,11283,1542,2021-01-21,AK,2
Alabama,483275,139200,9856,2839,121113,2470,17956,366,2021-01-21,AL,1
Arkansas,334825,173312,11095,5743,144792,4798,26541,879,2021-01-21,AR,5
American Samoa,18450,5313,33130,9540,4476,8037,836,1501,2021-01-21,AS,60
Arizona,752250,281887,10335,3873,246960,3393,34788,478,2021-01-21,AZ,4
Bureau of Prisons,24750,19076,NA,NA,15949,NA,3092,NA,2021-01-21,NA,NA
California,4169450,1532329,10552,3878,1255311,3177,273276,692,2021-01-21,CA,6
Colorado,631400,340438,10964,5912,287174,4987,51460,894,2021-01-21,CO,8
Connecticut,430375,243140,12071,6820,213145,5978,25018,702,2021-01-21,CT,9
District of Columbia,75175,51733,10652,7330,41135,5829,10553,1495,2021-01-21,DC,11
Dept of Defense,499400,256867,NA,NA,229553,NA,22157,NA,2021-01-21,NA,NA
Delaware,100375,45640,10308,4687,38610,3965,6919,711,2021-01-21,DE,10
Florida,2545050,1239975,11850,5773,1125338,5240,111763,520,2021-01-21,FL,12
Federated States of Micronesia,9800,1756,9456,1694,1753,1691,3,3,2021-01-21,NA,NA
Georgia,1077375,397048,10147,3740,356010,3353,35029,330,2021-01-21,GA,13
Guam,34300,3791,20692,2287,3785,2283,0,0,2021-01-21,GU,66
Hawaii,154150,71944,10887,5081,58111,4104,13833,977,2021-01-21,HI,15
Iowa,291075,149850,9226,4749,133528,4232,13995,444,2021-01-21,IA,19
Idaho,166850,69267,9337,3876,58328,3264,10738,601,2021-01-21,ID,16
Indian Health Svc,315325,108975,NA,NA,93635,NA,14874,NA,2021-01-21,NA,NA
Illinois,1094000,539926,8633,4261,425824,3360,107651,850,2021-01-21,IL,17
Indiana,741025,356385,11007,5294,297720,4422,58616,871,2021-01-21,IN,18
Kansas,265600,122705,9117,4212,105679,3627,16013,550,2021-01-21,KS,20
Kentucky,444325,223946,9945,5013,208664,4671,13829,310,2021-01-21,KY,21
Louisiana,485625,264400,10446,5687,228831,4922,35049,754,2021-01-21,LA,22
Massachusetts,737550,330490,10701,4795,288209,4181,42062,610,2021-01-21,MA,25
Maryland,628800,258146,10401,4270,233443,3861,24355,403,2021-01-21,MD,24
Maine,155800,76167,11590,5666,64260,4780,10661,793,2021-01-21,ME,23
Marshall Islands,13600,1514,23282,2592,1482,2537,2,3,2021-01-21,NA,NA
Michigan,1031100,508607,10325,5093,434402,4350,70535,706,2021-01-21,MI,26
Minnesota,595775,252548,10564,4478,209862,3721,42384,752,2021-01-21,MN,27
Missouri,572125,244476,9322,3983,193867,3159,49330,804,2021-01-21,MO,29
Northern Mariana Islands,18650,6791,32787,11939,4569,8032,2219,3901,2021-01-21,MP,69
Mississippi,307950,122586,10347,4119,112525,3781,9979,335,2021-01-21,MS,28
Montana,111625,57220,10444,5354,48086,4499,9121,853,2021-01-21,MT,30
North Carolina,1118250,427480,10662,4076,368818,3517,58407,557,2021-01-21,NC,37
North Dakota,78150,57657,10255,7566,48350,6345,8954,1175,2021-01-21,ND,38
Nebraska,237500,106283,12278,5494,91040,4706,14463,748,2021-01-21,NE,31
New Hampshire,145400,75418,10693,5547,67366,4954,8013,589,2021-01-21,NH,33
New Jersey,898550,432220,10116,4866,381159,4291,49420,556,2021-01-21,NJ,34
New Mexico,225850,143302,10771,6834,116128,5538,24706,1178,2021-01-21,NM,35
Nevada,276775,107133,8986,3478,89110,2893,17209,559,2021-01-21,NV,32
New York,2057875,1046490,10578,5379,926339,4762,106821,549,2021-01-21,NY,36
Ohio,1119175,487481,9575,4170,456424,3905,30910,264,2021-01-21,OH,39
Oklahoma,455275,251684,11506,6361,217690,5501,32308,816,2021-01-21,OK,40
Oregon,431450,216928,10229,5143,192550,4565,23866,566,2021-01-21,OR,41
Pennsylvania,1223250,568660,9555,4442,482791,3771,85290,666,2021-01-21,PA,42
Puerto Rico,312450,136630,9783,4278,112524,3523,23428,734,2021-01-21,PR,72
Rhode Island,122575,56617,11571,5344,45904,4333,10696,1010,2021-01-21,RI,44
Republic of Palau,6000,1981,33506,11063,1980,11057,1,6,2021-01-21,NA,NA
South Carolina,437675,192608,8501,3741,160518,3118,30679,596,2021-01-21,SC,45
South Dakota,95825,62518,10832,7067,52548,5940,9922,1122,2021-01-21,SD,46
Tennessee,672825,358534,9852,5250,305780,4478,52051,762,2021-01-21,TN,47
Texas,2551125,1471746,8798,5076,1282998,4425,187503,647,2021-01-21,TX,48
Utah,319700,181792,9972,5670,159814,4985,16272,508,2021-01-21,UT,49
Virginia,962900,343366,11281,4023,304160,3563,37679,441,2021-01-21,VA,51
Veterans Health,1048050,432569,NA,NA,387870,NA,44329,NA,2021-01-21,NA,NA
Virgin Islands,12325,2418,11774,2310,2178,2081,240,229,2021-01-21,VI,78
Vermont,75950,40814,12172,6541,34607,5546,6167,988,2021-01-21,VT,50
Washington,805000,346765,10571,4554,286500,3762,49731,653,2021-01-21,WA,53
Wisconsin,538325,222492,9246,3821,193461,3323,27312,469,2021-01-21,WI,55
West Virginia,231800,158621,12934,8851,132929,7417,25681,1433,2021-01-21,WV,54
Wyoming,62575,29309,10812,5064,25841,4465,3441,595,2021-01-21,WY,56
Alaska,150450,66331,20566,9067,55434,7578,10802,1477,2021-01-20,AK,2
Alabama,444650,130795,9069,2668,114319,2332,16346,333,2021-01-20,AL,1
Arkansas,297800,142337,9868,4717,118763,3935,21734,720,2021-01-20,AR,5
American Samoa,18450,4756,33130,8540,3985,7156,770,1383,2021-01-20,AS,60
Arizona,571725,266276,7855,3658,235331,3233,30892,424,2021-01-20,AZ,4
Bureau of Prisons,16750,17628,NA,NA,15500,NA,2091,NA,2021-01-20,NA,NA
California,3548575,1460430,8981,3696,1195969,3027,260838,660,2021-01-20,CA,6
Colorado,531775,330292,9234,5735,278639,4839,49897,866,2021-01-20,CO,8
Connecticut,328775,229524,9222,6438,201664,5656,23150,649,2021-01-20,CT,9
District of Columbia,68325,49988,9681,7083,39747,5632,10196,1445,2021-01-20,DC,11
Dept of Defense,507975,254778,NA,NA,227934,NA,21753,NA,2021-01-20,NA,NA
Delaware,91250,42557,9371,4370,35679,3664,6768,695,2021-01-20,DE,10
Florida,2069175,1174685,9634,5469,1068787,4976,103173,480,2021-01-20,FL,12
Federated States of Micronesia,9800,1436,9456,1386,1434,1384,2,2,2021-01-20,NA,NA
Georgia,1011200,312336,9524,2942,278151,2620,28907,272,2021-01-20,GA,13
Guam,34300,3791,20692,2287,3785,2283,0,0,2021-01-20,GU,66
Hawaii,154150,63954,10887,4517,52635,3717,11319,799,2021-01-20,HI,15
Iowa,269000,144955,8526,4594,130042,4122,12629,400,2021-01-20,IA,19
Idaho,160075,63975,8957,3580,53609,3000,10165,569,2021-01-20,ID,16
Indian Health Svc,292700,104140,NA,NA,90329,NA,13348,NA,2021-01-20,NA,NA
Illinois,1011225,525261,7980,4145,414362,3270,104533,825,2021-01-20,IL,17
Indiana,642425,334686,9543,4971,283779,4215,50862,756,2021-01-20,IN,18
Kansas,263175,118434,9034,4065,101824,3495,15602,536,2021-01-20,KS,20
Kentucky,337450,216039,7553,4836,201688,4514,12911,289,2021-01-20,KY,21
Louisiana,370175,255591,7963,5498,221109,4756,33967,731,2021-01-20,LA,22
Massachusetts,669325,318877,9711,4626,277612,4028,41053,596,2021-01-20,MA,25
Maryland,565125,247597,9348,4095,225456,3729,21794,360,2021-01-20,MD,24
Maine,136875,73978,10183,5503,62716,4666,10018,745,2021-01-20,ME,23
Marshall Islands,13600,1282,23282,2195,1250,2140,2,3,2021-01-20,NA,NA
Michigan,773750,483592,7748,4842,417228,4178,62780,629,2021-01-20,MI,26
Minnesota,519600,251535,9213,4460,209118,3708,42116,747,2021-01-20,MN,27
Missouri,528800,236254,8616,3849,189793,3092,45368,739,2021-01-20,MO,29
Northern Mariana Islands,18650,6372,32787,11202,4453,7828,1916,3368,2021-01-20,MP,69
Mississippi,233550,113572,7847,3816,103946,3493,9545,321,2021-01-20,MS,28
Montana,98500,55893,9216,5230,47209,4417,8671,811,2021-01-20,MT,30
North Carolina,999650,400779,9531,3821,346533,3304,54012,515,2021-01-20,NC,37
North Dakota,68675,56608,9012,7428,47616,6248,8641,1134,2021-01-20,ND,38
Nebraska,211500,103689,10934,5360,89054,4604,13860,716,2021-01-20,NE,31
New Hampshire,127225,71556,9357,5263,64402,4736,7120,524,2021-01-20,NH,33
New Jersey,658800,400148,7417,4505,354653,3993,43879,494,2021-01-20,NJ,34
New Mexico,204750,138150,9765,6589,112450,5363,23236,1108,2021-01-20,NM,35
Nevada,211750,102840,6875,3339,85391,2772,16665,541,2021-01-20,NV,32
New York,1884325,1000319,9686,5142,884908,4549,102187,525,2021-01-20,NY,36
Ohio,968250,472084,8283,4039,444812,3805,27139,232,2021-01-20,OH,39
Oklahoma,424000,242093,10715,6118,209687,5299,30919,781,2021-01-20,OK,40
Oregon,335075,216928,7944,5143,192550,4565,23866,566,2021-01-20,OR,41
Pennsylvania,1075350,544416,8400,4253,464339,3627,79526,621,2021-01-20,PA,42
Puerto Rico,311325,129530,9748,4056,107661,3371,21368,669,2021-01-20,PR,72
Rhode Island,108425,54081,10235,5105,44164,4169,9902,935,2021-01-20,RI,44
Republic of Palau,6000,1914,33506,10689,1913,10683,1,6,2021-01-20,NA,NA
South Carolina,350550,187175,6808,3635,155548,3021,30243,587,2021-01-20,SC,45
South Dakota,93675,61113,10589,6908,51288,5797,9777,1105,2021-01-20,SD,46
Tennessee,657550,351813,9629,5152,302260,4426,48867,716,2021-01-20,TN,47
Texas,2105600,1403989,7262,4842,1222952,4218,179801,620,2021-01-20,TX,48
Utah,268175,163205,8365,5091,144056,4493,15367,479,2021-01-20,UT,49
Virginia,852725,326894,9990,3830,290146,3399,35239,413,2021-01-20,VA,51
Veterans Health,994425,416209,NA,NA,372382,NA,43469,NA,2021-01-20,NA,NA
Virgin Islands,11825,2135,11296,2040,1970,1882,165,158,2021-01-20,VI,78
Vermont,74000,40581,11859,6503,34427,5517,6114,980,2021-01-20,VT,50
Washington,696175,321200,9142,4218,265507,3487,45237,594,2021-01-20,WA,53
Wisconsin,437900,213498,7521,3667,188144,3231,23641,406,2021-01-20,WI,55
West Virginia,205475,152657,11465,8518,128923,7194,23723,1324,2021-01-20,WV,54
Wyoming,58775,28057,10155,4848,24788,4283,3242,560,2021-01-20,WY,56
Alaska,150450,49039,20566,6703,39546,5406,9406,1286,2021-01-19,AK,2
Alabama,444650,100567,9069,2051,86956,1773,13488,275,2021-01-19,AL,1
Arkansas,297800,118338,9868,3921,97829,3242,18781,622,2021-01-19,AR,5
American Samoa,18450,3883,33130,6973,3144,5646,738,1325,2021-01-19,AS,60
Arizona,571725,197086,7855,2708,176213,2421,20837,286,2021-01-19,AZ,4
Bureau of Prisons,16750,16685,NA,NA,14565,NA,2086,NA,2021-01-19,NA,NA
California,3548575,1072959,8981,2716,865387,2190,204374,517,2021-01-19,CA,6
Colorado,531775,272233,9234,4727,223761,3886,47021,817,2021-01-19,CO,8
Connecticut,328775,185866,9222,5213,166722,4676,17162,481,2021-01-19,CT,9
District of Columbia,68325,39934,9681,5658,31667,4487,8250,1169,2021-01-19,DC,11
Dept of Defense,507975,201485,NA,NA,179004,NA,17946,NA,2021-01-19,NA,NA
Delaware,91250,31090,9371,3193,25649,2634,5354,550,2021-01-19,DE,10
Florida,2069175,853081,9634,3972,776430,3615,74776,348,2021-01-19,FL,12
Federated States of Micronesia,9800,694,9456,670,692,668,2,2,2021-01-19,NA,NA
Georgia,1011200,231305,9524,2179,204301,1924,22324,210,2021-01-19,GA,13
Guam,34300,3791,20692,2287,3785,2283,0,0,2021-01-19,GU,66
Hawaii,154150,46958,10887,3317,39690,2803,7268,513,2021-01-19,HI,15
Iowa,269000,120983,8526,3835,108056,3425,10742,340,2021-01-19,IA,19
Idaho,160075,46636,8957,2610,37646,2107,8843,495,2021-01-19,ID,16
Indian Health Svc,292700,90245,NA,NA,77309,NA,12730,NA,2021-01-19,NA,NA
Illinois,1011225,437765,7980,3455,341518,2695,91248,720,2021-01-19,IL,17
Indiana,642425,260310,9543,3867,222599,3306,37683,560,2021-01-19,IN,18
Kansas,263175,97779,9034,3356,83293,2859,13496,463,2021-01-19,KS,20
Kentucky,337450,174748,7553,3911,162733,3642,10672,239,2021-01-19,KY,21
Louisiana,370175,197967,7963,4258,167193,3596,30416,654,2021-01-19,LA,22
Massachusetts,669325,257175,9711,3731,222109,3222,34885,506,2021-01-19,MA,25
Maryland,565125,194705,9348,3221,178831,2958,15830,262,2021-01-19,MD,24
Maine,136875,61129,10183,4548,51631,3841,8274,616,2021-01-19,ME,23
Marshall Islands,13600,658,23282,1126,632,1082,2,3,2021-01-19,NA,NA
Michigan,773750,364182,7748,3647,312415,3128,48536,486,2021-01-19,MI,26
Minnesota,519600,198253,9213,3515,170273,3019,27799,493,2021-01-19,MN,27
Missouri,528800,190447,8616,3103,153664,2504,36525,595,2021-01-19,MO,29
Northern Mariana Islands,18650,4909,32787,8630,3760,6610,1146,2015,2021-01-19,MP,69
Mississippi,233550,84328,7847,2833,75885,2550,8396,282,2021-01-19,MS,28
Montana,98500,49364,9216,4619,41160,3851,8193,767,2021-01-19,MT,30
North Carolina,999650,302824,9531,2887,259859,2478,42790,408,2021-01-19,NC,37
North Dakota,68675,46410,9012,6090,38506,5053,7555,991,2021-01-19,ND,38
Nebraska,211500,91195,10934,4714,77734,4018,13050,675,2021-01-19,NE,31
New Hampshire,127225,62517,9357,4598,56797,4177,5700,419,2021-01-19,NH,33
New Jersey,658800,317070,7417,3570,278956,3141,36741,414,2021-01-19,NJ,34
New Mexico,204750,99305,9765,4736,80172,3823,18711,892,2021-01-19,NM,35
Nevada,211750,83674,6875,2717,67679,2197,15308,497,2021-01-19,NV,32
New York,1884325,757466,9686,3894,671311,3451,73523,378,2021-01-19,NY,36
Ohio,968250,375428,8283,3212,361818,3095,13552,116,2021-01-19,OH,39
Oklahoma,424000,203410,10715,5141,173162,4376,28917,731,2021-01-19,OK,40
Oregon,335075,146153,7944,3465,133091,3156,12795,303,2021-01-19,OR,41
Pennsylvania,1075350,448151,8400,3501,380727,2974,66941,523,2021-01-19,PA,42
Puerto Rico,311325,104137,9748,3261,87512,2740,16360,512,2021-01-19,PR,72
Rhode Island,108425,47548,10235,4488,39381,3717,8156,770,2021-01-19,RI,44
Republic of Palau,6000,1119,33506,6249,1118,6243,1,6,2021-01-19,NA,NA
South Carolina,350550,121836,6808,2366,101722,1976,19477,378,2021-01-19,SC,45
South Dakota,93675,57103,10589,6455,47389,5357,9666,1093,2021-01-19,SD,46
Tennessee,657550,303338,9629,4442,264912,3879,37800,554,2021-01-19,TN,47
Texas,2105600,1160242,7262,4001,1003412,3461,155660,537,2021-01-19,TX,48
Utah,268175,128210,8365,3999,114504,3572,10534,329,2021-01-19,UT,49
Virginia,852725,244234,9990,2861,214732,2516,28164,330,2021-01-19,VA,51
Veterans Health,994425,317771,NA,NA,280461,NA,36983,NA,2021-01-19,NA,NA
Virgin Islands,11825,1631,11296,1558,1474,1408,157,150,2021-01-19,VI,78
Vermont,74000,32470,11859,5204,28355,4544,4100,657,2021-01-19,VT,50
Washington,696175,242606,9142,3186,200682,2635,31581,415,2021-01-19,WA,53
Wisconsin,437900,169803,7521,2916,151387,2600,17108,294,2021-01-19,WI,55
West Virginia,205475,134207,11465,7489,113034,6307,21162,1181,2021-01-19,WV,54
Wyoming,58775,22745,10155,3930,19931,3444,2803,484,2021-01-19,WY,56
Alaska,150450,49039,20566,6703,39546,5406,9406,1286,2021-01-18,AK,2
Alabama,444650,100567,9069,2051,86956,1773,13488,275,2021-01-18,AL,1
Arkansas,297800,118338,9868,3921,97829,3242,18781,622,2021-01-18,AR,5
American Samoa,18450,3883,33130,6973,3144,5646,738,1325,2021-01-18,AS,60
Arizona,571725,197086,7855,2708,176213,2421,20837,286,2021-01-18,AZ,4
Bureau of Prisons,16750,16685,NA,NA,14565,NA,2086,NA,2021-01-18,NA,NA
California,3548575,1072959,8981,2716,865387,2190,204374,517,2021-01-18,CA,6
Colorado,531775,272233,9234,4727,223761,3886,47021,817,2021-01-18,CO,8
Connecticut,328775,185866,9222,5213,166722,4676,17162,481,2021-01-18,CT,9
District of Columbia,68325,39934,9681,5658,31667,4487,8250,1169,2021-01-18,DC,11
Dept of Defense,507975,201485,NA,NA,179004,NA,17946,NA,2021-01-18,NA,NA
Delaware,91250,31090,9371,3193,25649,2634,5354,550,2021-01-18,DE,10
Florida,2069175,853081,9634,3972,776430,3615,74776,348,2021-01-18,FL,12
Federated States of Micronesia,9800,694,9456,670,692,668,2,2,2021-01-18,NA,NA
Georgia,1011200,231305,9524,2179,204301,1924,22324,210,2021-01-18,GA,13
Guam,34300,3791,20692,2287,3785,2283,0,0,2021-01-18,GU,66
Hawaii,154150,46958,10887,3317,39690,2803,7268,513,2021-01-18,HI,15
Iowa,269000,120983,8526,3835,108056,3425,10742,340,2021-01-18,IA,19
Idaho,160075,46636,8957,2610,37646,2107,8843,495,2021-01-18,ID,16
Indian Health Svc,292700,90245,NA,NA,77309,NA,12730,NA,2021-01-18,NA,NA
Illinois,1011225,437765,7980,3455,341518,2695,91248,720,2021-01-18,IL,17
Indiana,642425,260310,9543,3867,222599,3306,37683,560,2021-01-18,IN,18
Kansas,263175,97779,9034,3356,83293,2859,13496,463,2021-01-18,KS,20
Kentucky,337450,174748,7553,3911,162733,3642,10672,239,2021-01-18,KY,21
Louisiana,370175,197967,7963,4258,167193,3596,30416,654,2021-01-18,LA,22
Massachusetts,669325,257175,9711,3731,222109,3222,34885,506,2021-01-18,MA,25
Maryland,565125,194705,9348,3221,178831,2958,15830,262,2021-01-18,MD,24
Maine,136875,61129,10183,4548,51631,3841,8274,616,2021-01-18,ME,23
Marshall Islands,13600,658,23282,1126,632,1082,2,3,2021-01-18,NA,NA
Michigan,773750,364182,7748,3647,312415,3128,48536,486,2021-01-18,MI,26
Minnesota,519600,198253,9213,3515,170273,3019,27799,493,2021-01-18,MN,27
Missouri,528800,190447,8616,3103,153664,2504,36525,595,2021-01-18,MO,29
Northern Mariana Islands,18650,4909,32787,8630,3760,6610,1146,2015,2021-01-18,MP,69
Mississippi,233550,84328,7847,2833,75885,2550,8396,282,2021-01-18,MS,28
Montana,98500,49364,9216,4619,41160,3851,8193,767,2021-01-18,MT,30
North Carolina,999650,302824,9531,2887,259859,2478,42790,408,2021-01-18,NC,37
North Dakota,68675,46410,9012,6090,38506,5053,7555,991,2021-01-18,ND,38
Nebraska,211500,91195,10934,4714,77734,4018,13050,675,2021-01-18,NE,31
New Hampshire,127225,62517,9357,4598,56797,4177,5700,419,2021-01-18,NH,33
New Jersey,658800,317070,7417,3570,278956,3141,36741,414,2021-01-18,NJ,34
New Mexico,204750,99305,9765,4736,80172,3823,18711,892,2021-01-18,NM,35
Nevada,211750,83674,6875,2717,67679,2197,15308,497,2021-01-18,NV,32
New York,1884325,757466,9686,3894,671311,3451,73523,378,2021-01-18,NY,36
Ohio,968250,375428,8283,3212,361818,3095,13552,116,2021-01-18,OH,39
Oklahoma,424000,203410,10715,5141,173162,4376,28917,731,2021-01-18,OK,40
Oregon,335075,146153,7944,3465,133091,3156,12795,303,2021-01-18,OR,41
Pennsylvania,1075350,448151,8400,3501,380727,2974,66941,523,2021-01-18,PA,42
Puerto Rico,311325,104137,9748,3261,87512,2740,16360,512,2021-01-18,PR,72
Rhode Island,108425,47548,10235,4488,39381,3717,8156,770,2021-01-18,RI,44
Republic of Palau,6000,1119,33506,6249,1118,6243,1,6,2021-01-18,NA,NA
South Carolina,350550,121836,6808,2366,101722,1976,19477,378,2021-01-18,SC,45
South Dakota,93675,57103,10589,6455,47389,5357,9666,1093,2021-01-18,SD,46
Tennessee,657550,303338,9629,4442,264912,3879,37800,554,2021-01-18,TN,47
Texas,2105600,1160242,7262,4001,1003412,3461,155660,537,2021-01-18,TX,48
Utah,268175,128210,8365,3999,114504,3572,10534,329,2021-01-18,UT,49
Virginia,852725,244234,9990,2861,214732,2516,28164,330,2021-01-18,VA,51
Veterans Health,994425,317771,NA,NA,280461,NA,36983,NA,2021-01-18,NA,NA
Virgin Islands,11825,1631,11296,1558,1474,1408,157,150,2021-01-18,VI,78
Vermont,74000,32470,11859,5204,28355,4544,4100,657,2021-01-18,VT,50
Washington,696175,242606,9142,3186,200682,2635,31581,415,2021-01-18,WA,53
Wisconsin,437900,169803,7521,2916,151387,2600,17108,294,2021-01-18,WI,55
West Virginia,205475,134207,11465,7489,113034,6307,21162,1181,2021-01-18,WV,54
Wyoming,58775,22745,10155,3930,19931,3444,2803,484,2021-01-18,WY,56
Alaska,150450,49039,20566,6703,NA,NA,NA,NA,2021-01-15,AK,2
Alabama,444650,100567,9069,2051,NA,NA,NA,NA,2021-01-15,AL,1
Arkansas,297800,118338,9868,3921,NA,NA,NA,NA,2021-01-15,AR,5
American Samoa,18450,3883,33130,6973,NA,NA,NA,NA,2021-01-15,AS,60
Arizona,571725,197086,7855,2708,NA,NA,NA,NA,2021-01-15,AZ,4
Bureau of Prisons,16750,16685,NA,NA,NA,NA,NA,NA,2021-01-15,NA,NA
California,3548575,1072959,8981,2716,NA,NA,NA,NA,2021-01-15,CA,6
Colorado,531775,272233,9234,4727,NA,NA,NA,NA,2021-01-15,CO,8
Connecticut,328775,185866,9222,5213,NA,NA,NA,NA,2021-01-15,CT,9
District of Columbia,68325,39934,9681,5658,NA,NA,NA,NA,2021-01-15,DC,11
Dept of Defense,507975,201485,NA,NA,NA,NA,NA,NA,2021-01-15,NA,NA
Delaware,91250,31090,9371,3193,NA,NA,NA,NA,2021-01-15,DE,10
Florida,2069175,853081,9634,3972,NA,NA,NA,NA,2021-01-15,FL,12
Federated States of Micronesia,9800,694,9456,670,NA,NA,NA,NA,2021-01-15,NA,NA
Georgia,1011200,231305,9524,2179,NA,NA,NA,NA,2021-01-15,GA,13
Guam,34300,3791,20692,2287,NA,NA,NA,NA,2021-01-15,GU,66
Hawaii,154150,46958,10887,3317,NA,NA,NA,NA,2021-01-15,HI,15
Iowa,269000,120983,8526,3835,NA,NA,NA,NA,2021-01-15,IA,19
Idaho,160075,46636,8957,2610,NA,NA,NA,NA,2021-01-15,ID,16
Indian Health Svc,292700,90245,NA,NA,NA,NA,NA,NA,2021-01-15,NA,NA
Illinois,1011225,437765,7980,3455,NA,NA,NA,NA,2021-01-15,IL,17
Indiana,642425,260310,9543,3867,NA,NA,NA,NA,2021-01-15,IN,18
Kansas,263175,97779,9034,3356,NA,NA,NA,NA,2021-01-15,KS,20
Kentucky,337450,174748,7553,3911,NA,NA,NA,NA,2021-01-15,KY,21
Louisiana,370175,197967,7963,4258,NA,NA,NA,NA,2021-01-15,LA,22
Massachusetts,669325,257175,9711,3731,NA,NA,NA,NA,2021-01-15,MA,25
Maryland,565125,194705,9348,3221,NA,NA,NA,NA,2021-01-15,MD,24
Maine,136875,61129,10183,4548,NA,NA,NA,NA,2021-01-15,ME,23
Marshall Islands,13600,658,23282,1126,NA,NA,NA,NA,2021-01-15,NA,NA
Michigan,773750,364182,7748,3647,NA,NA,NA,NA,2021-01-15,MI,26
Minnesota,519600,198253,9213,3515,NA,NA,NA,NA,2021-01-15,MN,27
Missouri,528800,190447,8616,3103,NA,NA,NA,NA,2021-01-15,MO,29
Northern Mariana Islands,18650,4909,32787,8630,NA,NA,NA,NA,2021-01-15,MP,69
Mississippi,233550,84328,7847,2833,NA,NA,NA,NA,2021-01-15,MS,28
Montana,98500,49364,9216,4619,NA,NA,NA,NA,2021-01-15,MT,30
North Carolina,999650,302824,9531,2887,NA,NA,NA,NA,2021-01-15,NC,37
North Dakota,68675,46410,9012,6090,NA,NA,NA,NA,2021-01-15,ND,38
Nebraska,211500,91195,10934,4714,NA,NA,NA,NA,2021-01-15,NE,31
New Hampshire,127225,62517,9357,4598,NA,NA,NA,NA,2021-01-15,NH,33
New Jersey,658800,317070,7417,3570,NA,NA,NA,NA,2021-01-15,NJ,34
New Mexico,204750,99305,9765,4736,NA,NA,NA,NA,2021-01-15,NM,35
Nevada,211750,83674,6875,2717,NA,NA,NA,NA,2021-01-15,NV,32
New York,1884325,757466,9686,3894,NA,NA,NA,NA,2021-01-15,NY,36
Ohio,968250,375428,8283,3212,NA,NA,NA,NA,2021-01-15,OH,39
Oklahoma,424000,203410,10715,5141,NA,NA,NA,NA,2021-01-15,OK,40
Oregon,335075,146153,7944,3465,NA,NA,NA,NA,2021-01-15,OR,41
Pennsylvania,1075350,448151,8400,3501,NA,NA,NA,NA,2021-01-15,PA,42
Puerto Rico,311325,104137,9748,3261,NA,NA,NA,NA,2021-01-15,PR,72
Rhode Island,108425,47548,10235,4488,NA,NA,NA,NA,2021-01-15,RI,44
Republic of Palau,6000,1119,33506,6249,NA,NA,NA,NA,2021-01-15,NA,NA
South Carolina,350550,121836,6808,2366,NA,NA,NA,NA,2021-01-15,SC,45
South Dakota,93675,57103,10589,6455,NA,NA,NA,NA,2021-01-15,SD,46
Tennessee,657550,303338,9629,4442,NA,NA,NA,NA,2021-01-15,TN,47
Texas,2105600,1160242,7262,4001,NA,NA,NA,NA,2021-01-15,TX,48
Utah,268175,128210,8365,3999,NA,NA,NA,NA,2021-01-15,UT,49
Virginia,852725,244234,9990,2861,NA,NA,NA,NA,2021-01-15,VA,51
Veterans Health,994425,317771,NA,NA,NA,NA,NA,NA,2021-01-15,NA,NA
Virgin Islands,11825,1631,11296,1558,NA,NA,NA,NA,2021-01-15,VI,78
Vermont,74000,32470,11859,5204,NA,NA,NA,NA,2021-01-15,VT,50
Washington,696175,242606,9142,3186,NA,NA,NA,NA,2021-01-15,WA,53
Wisconsin,437900,169803,7521,2916,NA,NA,NA,NA,2021-01-15,WI,55
West Virginia,205475,134207,11465,7489,NA,NA,NA,NA,2021-01-15,WV,54
Wyoming,58775,22745,10155,3930,NA,NA,NA,NA,2021-01-15,WY,56
Alaska,150450,42596,20566,5823,NA,NA,NA,NA,2021-01-14,AK,2
Alabama,435350,92300,8879,1882,NA,NA,NA,NA,2021-01-14,AL,1
Arkansas,297800,108316,9868,3589,NA,NA,NA,NA,2021-01-14,AR,5
American Samoa,10650,2971,19124,5335,NA,NA,NA,NA,2021-01-14,AS,60
Arizona,570625,173665,7840,2386,NA,NA,NA,NA,2021-01-14,AZ,4
Bureau of Prisons,16450,16118,NA,NA,NA,NA,NA,NA,2021-01-14,NA,NA
California,3540175,975293,8960,2468,NA,NA,NA,NA,2021-01-14,CA,6
Colorado,531775,254706,9234,4423,NA,NA,NA,NA,2021-01-14,CO,8
Connecticut,328675,171897,9219,4821,NA,NA,NA,NA,2021-01-14,CT,9
District of Columbia,68325,36679,9681,5197,NA,NA,NA,NA,2021-01-14,DC,11
Dept of Defense,464775,179724,NA,NA,NA,NA,NA,NA,2021-01-14,NA,NA
Delaware,91250,31090,9371,3193,NA,NA,NA,NA,2021-01-14,DE,10
Florida,1970875,774485,9176,3606,NA,NA,NA,NA,2021-01-14,FL,12
Federated States of Micronesia,9800,605,9456,584,NA,NA,NA,NA,2021-01-14,NA,NA
Georgia,1010900,231305,9521,2179,NA,NA,NA,NA,2021-01-14,GA,13
Guam,34300,3791,20692,2287,NA,NA,NA,NA,2021-01-14,GU,66
Hawaii,154150,47985,10887,3389,NA,NA,NA,NA,2021-01-14,HI,15
Iowa,268025,112093,8495,3553,NA,NA,NA,NA,2021-01-14,IA,19
Idaho,160075,42586,8957,2383,NA,NA,NA,NA,2021-01-14,ID,16
Indian Health Svc,291800,81726,NA,NA,NA,NA,NA,NA,2021-01-14,NA,NA
Illinois,958125,403666,7561,3186,NA,NA,NA,NA,2021-01-14,IL,17
Indiana,630025,233488,9358,3468,NA,NA,NA,NA,2021-01-14,IN,18
Kansas,263175,91565,9034,3143,NA,NA,NA,NA,2021-01-14,KS,20
Kentucky,332375,155613,7440,3483,NA,NA,NA,NA,2021-01-14,KY,21
Louisiana,370175,175811,7963,3782,NA,NA,NA,NA,2021-01-14,LA,22
Massachusetts,669225,233476,9709,3387,NA,NA,NA,NA,2021-01-14,MA,25
Maryland,564625,178056,9339,2945,NA,NA,NA,NA,2021-01-14,MD,24
Maine,136875,61129,10183,4548,NA,NA,NA,NA,2021-01-14,ME,23
Marshall Islands,13600,649,23282,1111,NA,NA,NA,NA,2021-01-14,NA,NA
Michigan,773650,327235,7747,3277,NA,NA,NA,NA,2021-01-14,MI,26
Minnesota,516800,179684,9164,3186,NA,NA,NA,NA,2021-01-14,MN,27
Missouri,528300,175314,8608,2856,NA,NA,NA,NA,2021-01-14,MO,29
Northern Mariana Islands,18650,4598,32787,8083,NA,NA,NA,NA,2021-01-14,MP,69
Mississippi,219800,71848,7385,2414,NA,NA,NA,NA,2021-01-14,MS,28
Montana,98500,46620,9216,4362,NA,NA,NA,NA,2021-01-14,MT,30
North Carolina,969700,268212,9246,2557,NA,NA,NA,NA,2021-01-14,NC,37
North Dakota,68675,42774,9012,5613,NA,NA,NA,NA,2021-01-14,ND,38
Nebraska,199800,84920,10329,4390,NA,NA,NA,NA,2021-01-14,NE,31
New Hampshire,127225,58711,9357,4318,NA,NA,NA,NA,2021-01-14,NH,33
New Jersey,658800,263422,7417,2966,NA,NA,NA,NA,2021-01-14,NJ,34
New Mexico,204750,89415,9765,4264,NA,NA,NA,NA,2021-01-14,NM,35
Nevada,210075,76844,6820,2495,NA,NA,NA,NA,2021-01-14,NV,32
New York,1872625,688576,9626,3540,NA,NA,NA,NA,2021-01-14,NY,36
Ohio,967450,348424,8277,2981,NA,NA,NA,NA,2021-01-14,OH,39
Oklahoma,399900,187266,10106,4733,NA,NA,NA,NA,2021-01-14,OK,40
Oregon,335075,129796,7944,3077,NA,NA,NA,NA,2021-01-14,OR,41
Pennsylvania,1065300,410414,8321,3206,NA,NA,NA,NA,2021-01-14,PA,42
Puerto Rico,305475,94880,9565,2971,NA,NA,NA,NA,2021-01-14,PR,72
Rhode Island,84125,44871,7941,4236,NA,NA,NA,NA,2021-01-14,RI,44
Republic of Palau,6000,766,33506,4278,NA,NA,NA,NA,2021-01-14,NA,NA
South Carolina,346150,115855,6723,2250,NA,NA,NA,NA,2021-01-14,SC,45
South Dakota,88375,54284,9990,6136,NA,NA,NA,NA,2021-01-14,SD,46
Tennessee,656550,264713,9614,3876,NA,NA,NA,NA,2021-01-14,TN,47
Texas,2105600,1043624,7262,3599,NA,NA,NA,NA,2021-01-14,TX,48
Utah,267975,115384,8359,3599,NA,NA,NA,NA,2021-01-14,UT,49
Virginia,852725,217836,9990,2552,NA,NA,NA,NA,2021-01-14,VA,51
Veterans Health,941925,284697,NA,NA,NA,NA,NA,NA,2021-01-14,NA,NA
Virgin Islands,10750,1424,10269,1360,NA,NA,NA,NA,2021-01-14,VI,78
Vermont,69800,29571,11186,4739,NA,NA,NA,NA,2021-01-14,VT,50
Washington,655575,225238,8609,2958,NA,NA,NA,NA,2021-01-14,WA,53
Wisconsin,437900,149955,7521,2575,NA,NA,NA,NA,2021-01-14,WI,55
West Virginia,160975,118660,8982,6621,NA,NA,NA,NA,2021-01-14,WV,54
Wyoming,58775,19776,10155,3417,NA,NA,NA,NA,2021-01-14,WY,56
Alaska,149475,38680,20433,5287,NA,NA,NA,NA,2021-01-13,AK,2
Alabama,378975,84040,7729,1714,NA,NA,NA,NA,2021-01-13,AL,1
Arkansas,297800,94854,9868,3143,NA,NA,NA,NA,2021-01-13,AR,5
American Samoa,10650,2577,19124,4627,NA,NA,NA,NA,2021-01-13,AS,60
Arizona,569525,154745,7825,2126,NA,NA,NA,NA,2021-01-13,AZ,4
Bureau of Prisons,16050,15694,NA,NA,NA,NA,NA,NA,2021-01-13,NA,NA
California,3435650,891489,8695,2256,NA,NA,NA,NA,2021-01-13,CA,6
Colorado,530800,239665,9217,4162,NA,NA,NA,NA,2021-01-13,CO,8
Connecticut,315025,161875,8836,4540,NA,NA,NA,NA,2021-01-13,CT,9
District of Columbia,68325,33049,9681,4683,NA,NA,NA,NA,2021-01-13,DC,11
Dept of Defense,415500,139993,NA,NA,NA,NA,NA,NA,2021-01-13,NA,NA
Delaware,91250,28413,9371,2918,NA,NA,NA,NA,2021-01-13,DE,10
Florida,1680200,705398,7823,3284,NA,NA,NA,NA,2021-01-13,FL,12
Federated States of Micronesia,9800,565,9456,545,NA,NA,NA,NA,2021-01-13,NA,NA
Georgia,1003975,198756,9456,1872,NA,NA,NA,NA,2021-01-13,GA,13
Guam,34300,3791,20692,2287,NA,NA,NA,NA,2021-01-13,GU,66
Hawaii,154150,36605,10887,2585,NA,NA,NA,NA,2021-01-13,HI,15
Iowa,264125,112093,8371,3553,NA,NA,NA,NA,2021-01-13,IA,19
Idaho,158125,38872,8848,2175,NA,NA,NA,NA,2021-01-13,ID,16
Indian Health Svc,290900,74462,NA,NA,NA,NA,NA,NA,2021-01-13,NA,NA
Illinois,920225,365859,7262,2887,NA,NA,NA,NA,2021-01-13,IL,17
Indiana,579050,211334,8601,3139,NA,NA,NA,NA,2021-01-13,IN,18
Kansas,261175,85650,8965,2940,NA,NA,NA,NA,2021-01-13,KS,20
Kentucky,329450,142436,7374,3188,NA,NA,NA,NA,2021-01-13,KY,21
Louisiana,369475,156186,7948,3360,NA,NA,NA,NA,2021-01-13,LA,22
Massachusetts,656850,217443,9530,3155,NA,NA,NA,NA,2021-01-13,MA,25
Maryland,561500,178056,9288,2945,NA,NA,NA,NA,2021-01-13,MD,24
Maine,136875,57248,10183,4259,NA,NA,NA,NA,2021-01-13,ME,23
Marshall Islands,13600,649,23282,1111,NA,NA,NA,NA,2021-01-13,NA,NA
Michigan,772150,291519,7732,2919,NA,NA,NA,NA,2021-01-13,MI,26
Minnesota,511200,165355,9064,2932,NA,NA,NA,NA,2021-01-13,MN,27
Missouri,526425,161784,8577,2636,NA,NA,NA,NA,2021-01-13,MO,29
Northern Mariana Islands,18650,4141,32787,7280,NA,NA,NA,NA,2021-01-13,MP,69
Mississippi,218825,61289,7353,2059,NA,NA,NA,NA,2021-01-13,MS,28
Montana,89550,44063,8379,4123,NA,NA,NA,NA,2021-01-13,MT,30
North Carolina,852000,266938,8124,2545,NA,NA,NA,NA,2021-01-13,NC,37
North Dakota,66725,40728,8756,5344,NA,NA,NA,NA,2021-01-13,ND,38
Nebraska,199800,79699,10329,4120,NA,NA,NA,NA,2021-01-13,NE,31
New Hampshire,124300,55218,9142,4061,NA,NA,NA,NA,2021-01-13,NH,33
New Jersey,654900,262982,7373,2961,NA,NA,NA,NA,2021-01-13,NJ,34
New Mexico,199525,81855,9516,3904,NA,NA,NA,NA,2021-01-13,NM,35
Nevada,207150,61653,6725,2002,NA,NA,NA,NA,2021-01-13,NV,32
New York,1796850,632473,9237,3251,NA,NA,NA,NA,2021-01-13,NY,36
Ohio,957700,329318,8193,2817,NA,NA,NA,NA,2021-01-13,OH,39
Oklahoma,396975,172403,10032,4357,NA,NA,NA,NA,2021-01-13,OK,40
Oregon,325325,115075,7713,2728,NA,NA,NA,NA,2021-01-13,OR,41
Pennsylvania,1017475,379944,7948,2968,NA,NA,NA,NA,2021-01-13,PA,42
Puerto Rico,305475,84432,9565,2644,NA,NA,NA,NA,2021-01-13,PR,72
Rhode Island,82175,42028,7757,3967,NA,NA,NA,NA,2021-01-13,RI,44
Republic of Palau,6000,725,33506,4049,NA,NA,NA,NA,2021-01-13,NA,NA
South Carolina,317450,99887,6166,1940,NA,NA,NA,NA,2021-01-13,SC,45
South Dakota,88375,50712,9990,5732,NA,NA,NA,NA,2021-01-13,SD,46
Tennessee,598000,264713,8757,3876,NA,NA,NA,NA,2021-01-13,TN,47
Texas,1984225,978042,6843,3373,NA,NA,NA,NA,2021-01-13,TX,48
Utah,266025,104036,8298,3245,NA,NA,NA,NA,2021-01-13,UT,49
Virginia,845900,217836,9910,2552,NA,NA,NA,NA,2021-01-13,VA,51
Veterans Health,941525,254377,NA,NA,NA,NA,NA,NA,2021-01-13,NA,NA
Virgin Islands,9575,1195,9147,1142,NA,NA,NA,NA,2021-01-13,VI,78
Vermont,69800,29571,11186,4739,NA,NA,NA,NA,2021-01-13,VT,50
Washington,572600,208238,7519,2735,NA,NA,NA,NA,2021-01-13,WA,53
Wisconsin,435900,137253,7487,2357,NA,NA,NA,NA,2021-01-13,WI,55
West Virginia,160975,110709,8982,6177,NA,NA,NA,NA,2021-01-13,WV,54
Wyoming,57800,17794,9987,3075,NA,NA,NA,NA,2021-01-13,WY,56
Alaska,141600,35838,19356,4899,NA,NA,NA,NA,2021-01-12,AK,2
Alabama,377025,78134,7689,1594,NA,NA,NA,NA,2021-01-12,AL,1
Arkansas,274400,40879,9093,1355,NA,NA,NA,NA,2021-01-12,AR,5
American Samoa,10650,2124,19124,3814,NA,NA,NA,NA,2021-01-12,AS,60
Arizona,563025,141355,7735,1942,NA,NA,NA,NA,2021-01-12,AZ,4
Bureau of Prisons,16050,14663,NA,NA,NA,NA,NA,NA,2021-01-12,NA,NA
California,3286050,816301,8317,2066,NA,NA,NA,NA,2021-01-12,CA,6
Colorado,516750,224428,8973,3897,NA,NA,NA,NA,2021-01-12,CO,8
Connecticut,250775,151395,7034,4246,NA,NA,NA,NA,2021-01-12,CT,9
District of Columbia,62725,29812,8888,4224,NA,NA,NA,NA,2021-01-12,DC,11
Dept of Defense,376150,139439,NA,NA,NA,NA,NA,NA,2021-01-12,NA,NA
Delaware,88325,26410,9070,2712,NA,NA,NA,NA,2021-01-12,DE,10
Florida,1676300,633440,7805,2949,NA,NA,NA,NA,2021-01-12,FL,12
Federated States of Micronesia,9800,424,9456,409,NA,NA,NA,NA,2021-01-12,NA,NA
Georgia,960975,170571,9051,1607,NA,NA,NA,NA,2021-01-12,GA,13
Guam,26500,3791,15986,2287,NA,NA,NA,NA,2021-01-12,GU,66
Hawaii,141750,33483,10011,2365,NA,NA,NA,NA,2021-01-12,HI,15
Iowa,208875,98691,6620,3128,NA,NA,NA,NA,2021-01-12,IA,19
Idaho,146750,35845,8212,2006,NA,NA,NA,NA,2021-01-12,ID,16
Indian Health Svc,224425,68387,NA,NA,NA,NA,NA,NA,2021-01-12,NA,NA
Illinois,903100,347005,7127,2738,NA,NA,NA,NA,2021-01-12,IL,17
Indiana,540475,191844,8028,2850,NA,NA,NA,NA,2021-01-12,IN,18
Kansas,193175,78268,6631,2687,NA,NA,NA,NA,2021-01-12,KS,20
Kentucky,329450,132114,7374,2957,NA,NA,NA,NA,2021-01-12,KY,21
Louisiana,368300,142771,7922,3071,NA,NA,NA,NA,2021-01-12,LA,22
Massachusetts,476025,204082,6906,2961,NA,NA,NA,NA,2021-01-12,MA,25
Maryland,552800,146231,9144,2419,NA,NA,NA,NA,2021-01-12,MD,24
Maine,132975,54945,9892,4088,NA,NA,NA,NA,2021-01-12,ME,23
Marshall Islands,13600,639,23282,1094,NA,NA,NA,NA,2021-01-12,NA,NA
Michigan,768150,227685,7692,2280,NA,NA,NA,NA,2021-01-12,MI,26
Minnesota,453200,162240,8036,2877,NA,NA,NA,NA,2021-01-12,MN,27
Missouri,485175,161784,7905,2636,NA,NA,NA,NA,2021-01-12,MO,29
Northern Mariana Islands,18650,3722,32787,6543,NA,NA,NA,NA,2021-01-12,MP,69
Mississippi,212050,54544,7125,1833,NA,NA,NA,NA,2021-01-12,MS,28
Montana,78350,42083,7331,3937,NA,NA,NA,NA,2021-01-12,MT,30
North Carolina,836450,211610,7975,2018,NA,NA,NA,NA,2021-01-12,NC,37
North Dakota,53525,39479,7024,5181,NA,NA,NA,NA,2021-01-12,ND,38
Nebraska,177375,74439,9169,3848,NA,NA,NA,NA,2021-01-12,NE,31
New Hampshire,122350,50613,8998,3722,NA,NA,NA,NA,2021-01-12,NH,33
New Jersey,654900,221045,7373,2489,NA,NA,NA,NA,2021-01-12,NJ,34
New Mexico,177075,78235,8445,3731,NA,NA,NA,NA,2021-01-12,NM,35
Nevada,207150,61653,6725,2002,NA,NA,NA,NA,2021-01-12,NV,32
New York,1622100,579532,8338,2979,NA,NA,NA,NA,2021-01-12,NY,36
Ohio,866050,311890,7409,2668,NA,NA,NA,NA,2021-01-12,OH,39
Oklahoma,381375,157843,9638,3989,NA,NA,NA,NA,2021-01-12,OK,40
Oregon,321425,104610,7621,2480,NA,NA,NA,NA,2021-01-12,OR,41
Pennsylvania,974725,341948,7614,2671,NA,NA,NA,NA,2021-01-12,PA,42
Puerto Rico,277200,74559,8680,2335,NA,NA,NA,NA,2021-01-12,PR,72
Rhode Island,80225,39568,7573,3735,NA,NA,NA,NA,2021-01-12,RI,44
Republic of Palau,6000,416,33506,2323,NA,NA,NA,NA,2021-01-12,NA,NA
South Carolina,315950,81075,6136,1575,NA,NA,NA,NA,2021-01-12,SC,45
South Dakota,83500,48698,9439,5505,NA,NA,NA,NA,2021-01-12,SD,46
Tennessee,485800,251257,7114,3679,NA,NA,NA,NA,2021-01-12,TN,47
Texas,1949125,911461,6722,3143,NA,NA,NA,NA,2021-01-12,TX,48
Utah,256275,95225,7994,2970,NA,NA,NA,NA,2021-01-12,UT,49
Virginia,797150,190607,9339,2233,NA,NA,NA,NA,2021-01-12,VA,51
Veterans Health,885950,226754,NA,NA,NA,NA,NA,NA,2021-01-12,NA,NA
Virgin Islands,9175,880,8765,841,NA,NA,NA,NA,2021-01-12,VI,78
Vermont,64925,25757,10405,4128,NA,NA,NA,NA,2021-01-12,VT,50
Washington,567725,195567,7455,2568,NA,NA,NA,NA,2021-01-12,WA,53
Wisconsin,429500,137253,7377,2357,NA,NA,NA,NA,2021-01-12,WI,55
West Virginia,160975,103330,8982,5766,NA,NA,NA,NA,2021-01-12,WV,54
Wyoming,47800,16467,8259,2845,NA,NA,NA,NA,2021-01-12,WY,56
Alaska,93175,24562,12737,3358,NA,NA,NA,NA,2021-01-11,AK,2
Alabama,283200,57105,5776,1165,NA,NA,NA,NA,2021-01-11,AL,1
Arkansas,225100,40899,7459,1355,NA,NA,NA,NA,2021-01-11,AR,5
American Samoa,10650,1331,19124,2390,NA,NA,NA,NA,2021-01-11,AS,60
Arizona,453875,106288,6236,1460,NA,NA,NA,NA,2021-01-11,AZ,4
Bureau of Prisons,14100,14909,NA,NA,NA,NA,NA,NA,2021-01-11,NA,NA
California,2315325,584366,5860,1479,NA,NA,NA,NA,2021-01-11,CA,6
Colorado,381775,145164,6629,2521,NA,NA,NA,NA,2021-01-11,CO,8
Connecticut,219125,116277,6146,3261,NA,NA,NA,NA,2021-01-11,CT,9
District of Columbia,49250,21681,6978,3072,NA,NA,NA,NA,2021-01-11,DC,11
Dept of Defense,347600,95482,NA,NA,NA,NA,NA,NA,2021-01-11,NA,NA
Delaware,65350,18482,6711,1898,NA,NA,NA,NA,2021-01-11,DE,10
Florida,1355775,402802,6312,1875,NA,NA,NA,NA,2021-01-11,FL,12
Federated States of Micronesia,9800,197,9456,190,NA,NA,NA,NA,2021-01-11,NA,NA
Georgia,687425,119118,6474,1122,NA,NA,NA,NA,2021-01-11,GA,13
Guam,19300,3791,11643,2287,NA,NA,NA,NA,2021-01-11,GU,66
Hawaii,95700,27375,6759,1933,NA,NA,NA,NA,2021-01-11,HI,15
Iowa,191675,80621,6075,2555,NA,NA,NA,NA,2021-01-11,IA,19
Idaho,108825,25335,6090,1418,NA,NA,NA,NA,2021-01-11,ID,16
Indian Health Svc,192850,58028,NA,NA,NA,NA,NA,NA,2021-01-11,NA,NA
Illinois,769700,234051,6074,1847,NA,NA,NA,NA,2021-01-11,IL,17
Indiana,430025,137933,6388,2049,NA,NA,NA,NA,2021-01-11,IN,18
Kansas,191225,58841,6564,2020,NA,NA,NA,NA,2021-01-11,KS,20
Kentucky,267750,94443,5993,2114,NA,NA,NA,NA,2021-01-11,KY,21
Louisiana,299325,78608,6439,1691,NA,NA,NA,NA,2021-01-11,LA,22
Massachusetts,449625,151430,6523,2197,NA,NA,NA,NA,2021-01-11,MA,25
Maryland,371425,114731,6144,1898,NA,NA,NA,NA,2021-01-11,MD,24
Maine,96475,41429,7177,3082,NA,NA,NA,NA,2021-01-11,ME,23
Marshall Islands,7200,0,12326,0,NA,NA,NA,NA,2021-01-11,NA,NA
Michigan,662550,156251,6634,1565,NA,NA,NA,NA,2021-01-11,MI,26
Minnesota,381325,110427,6762,1958,NA,NA,NA,NA,2021-01-11,MN,27
Missouri,406150,124721,6618,2032,NA,NA,NA,NA,2021-01-11,MO,29
Northern Mariana Islands,18650,3101,32787,5452,NA,NA,NA,NA,2021-01-11,MP,69
Mississippi,159625,34406,5363,1156,NA,NA,NA,NA,2021-01-11,MS,28
Montana,71950,31444,6732,2942,NA,NA,NA,NA,2021-01-11,MT,30
North Carolina,649150,178136,6189,1698,NA,NA,NA,NA,2021-01-11,NC,37
North Dakota,43950,29954,5767,3931,NA,NA,NA,NA,2021-01-11,ND,38
Nebraska,143700,68297,7429,3531,NA,NA,NA,NA,2021-01-11,NE,31
New Hampshire,89375,41868,6573,3079,NA,NA,NA,NA,2021-01-11,NH,33
New Jersey,572250,156021,6443,1757,NA,NA,NA,NA,2021-01-11,NJ,34
New Mexico,145025,56366,6916,2688,NA,NA,NA,NA,2021-01-11,NM,35
Nevada,187375,44656,6083,1450,NA,NA,NA,NA,2021-01-11,NV,32
New York,1208900,434802,6214,2235,NA,NA,NA,NA,2021-01-11,NY,36
Ohio,646450,223424,5530,1911,NA,NA,NA,NA,2021-01-11,OH,39
Oklahoma,297625,103020,7522,2604,NA,NA,NA,NA,2021-01-11,OK,40
Oregon,262300,66933,6219,1587,NA,NA,NA,NA,2021-01-11,OR,41
Pennsylvania,812550,226478,6347,1769,NA,NA,NA,NA,2021-01-11,PA,42
Puerto Rico,237650,51428,7441,1610,NA,NA,NA,NA,2021-01-11,PR,72
Rhode Island,72175,30264,6813,2857,NA,NA,NA,NA,2021-01-11,RI,44
Republic of Palau,2800,247,15636,1379,NA,NA,NA,NA,2021-01-11,NA,NA
South Carolina,256550,64729,4983,1257,NA,NA,NA,NA,2021-01-11,SC,45
South Dakota,67925,36890,7678,4170,NA,NA,NA,NA,2021-01-11,SD,46
Tennessee,458100,196642,6708,2879,NA,NA,NA,NA,2021-01-11,TN,47
Texas,1833350,618298,6323,2132,NA,NA,NA,NA,2021-01-11,TX,48
Utah,207500,71669,6472,2235,NA,NA,NA,NA,2021-01-11,UT,49
Virginia,556625,150104,6521,1759,NA,NA,NA,NA,2021-01-11,VA,51
Veterans Health,617450,168159,NA,NA,NA,NA,NA,NA,2021-01-11,NA,NA
Virgin Islands,7875,410,7523,392,NA,NA,NA,NA,2021-01-11,VI,78
Vermont,48550,22331,7781,3579,NA,NA,NA,NA,2021-01-11,VT,50
Washington,518550,135097,6810,1774,NA,NA,NA,NA,2021-01-11,WA,53
Wisconsin,323075,98373,5549,1690,NA,NA,NA,NA,2021-01-11,WI,55
West Virginia,126275,87215,7046,4867,NA,NA,NA,NA,2021-01-11,WV,54
Wyoming,41375,10791,7149,1865,NA,NA,NA,NA,2021-01-11,WY,56
Alaska,87325,21830,11937,2984,NA,NA,NA,NA,2021-01-08,AK,2
Alabama,245100,48888,4999,997,NA,NA,NA,NA,2021-01-08,AL,1
Arkansas,212700,40899,7048,1355,NA,NA,NA,NA,2021-01-08,AR,5
American Samoa,8250,1161,14814,2085,NA,NA,NA,NA,2021-01-08,AS,60
Arizona,453275,88266,6227,1213,NA,NA,NA,NA,2021-01-08,AZ,4
Bureau of Prisons,12800,11137,NA,NA,NA,NA,NA,NA,2021-01-08,NA,NA
California,2314350,528173,5857,1337,NA,NA,NA,NA,2021-01-08,CA,6
Colorado,361375,130445,6275,2265,NA,NA,NA,NA,2021-01-08,CO,8
Connecticut,219125,100889,6146,2830,NA,NA,NA,NA,2021-01-08,CT,9
District of Columbia,45950,19366,6511,2744,NA,NA,NA,NA,2021-01-08,DC,11
Dept of Defense,342625,82842,NA,NA,NA,NA,NA,NA,2021-01-08,NA,NA
Delaware,64375,16677,6611,1713,NA,NA,NA,NA,2021-01-08,DE,10
Florida,1355775,402802,6312,1875,NA,NA,NA,NA,2021-01-08,FL,12
Federated States of Micronesia,9800,100,9456,96,NA,NA,NA,NA,2021-01-08,NA,NA
Georgia,619250,103793,5832,978,NA,NA,NA,NA,2021-01-08,GA,13
Guam,19300,3791,11643,2287,NA,NA,NA,NA,2021-01-08,GU,66
Hawaii,95200,24558,6724,1734,NA,NA,NA,NA,2021-01-08,HI,15
Iowa,191675,74224,6075,2353,NA,NA,NA,NA,2021-01-08,IA,19
Idaho,104925,22822,5871,1277,NA,NA,NA,NA,2021-01-08,ID,16
Indian Health Svc,182125,49960,NA,NA,NA,NA,NA,NA,2021-01-08,NA,NA
Illinois,737125,213045,5817,1681,NA,NA,NA,NA,2021-01-08,IL,17
Indiana,409625,123835,6085,1839,NA,NA,NA,NA,2021-01-08,IN,18
Kansas,191225,36538,6564,1254,NA,NA,NA,NA,2021-01-08,KS,20
Kentucky,244350,94443,5469,2114,NA,NA,NA,NA,2021-01-08,KY,21
Louisiana,298825,64664,6428,1391,NA,NA,NA,NA,2021-01-08,LA,22
Massachusetts,449025,137858,6515,2000,NA,NA,NA,NA,2021-01-08,MA,25
Maryland,371425,100049,6144,1655,NA,NA,NA,NA,2021-01-08,MD,24
Maine,96475,37128,7177,2762,NA,NA,NA,NA,2021-01-08,ME,23
Marshall Islands,7200,0,12326,0,NA,NA,NA,NA,2021-01-08,NA,NA
Michigan,662450,137887,6633,1381,NA,NA,NA,NA,2021-01-08,MI,26
Minnesota,378425,97098,6710,1722,NA,NA,NA,NA,2021-01-08,MN,27
Missouri,401050,113369,6534,1847,NA,NA,NA,NA,2021-01-08,MO,29
Northern Mariana Islands,18650,3090,32787,5432,NA,NA,NA,NA,2021-01-08,MP,69
Mississippi,159625,28356,5363,953,NA,NA,NA,NA,2021-01-08,MS,28
Montana,69025,27693,6458,2591,NA,NA,NA,NA,2021-01-08,MT,30
North Carolina,647450,139474,6173,1330,NA,NA,NA,NA,2021-01-08,NC,37
North Dakota,43950,27289,5767,3581,NA,NA,NA,NA,2021-01-08,ND,38
Nebraska,132800,53548,6865,2768,NA,NA,NA,NA,2021-01-08,NE,31
New Hampshire,77075,37369,5668,2748,NA,NA,NA,NA,2021-01-08,NH,33
New Jersey,572250,155458,6443,1750,NA,NA,NA,NA,2021-01-08,NJ,34
New Mexico,133125,48306,6349,2304,NA,NA,NA,NA,2021-01-08,NM,35
Nevada,187375,39761,6083,1291,NA,NA,NA,NA,2021-01-08,NV,32
New York,1134800,353788,5833,1819,NA,NA,NA,NA,2021-01-08,NY,36
Ohio,576250,175681,4930,1503,NA,NA,NA,NA,2021-01-08,OH,39
Oklahoma,264000,85978,6672,2173,NA,NA,NA,NA,2021-01-08,OK,40
Oregon,262100,61672,6214,1462,NA,NA,NA,NA,2021-01-08,OR,41
Pennsylvania,789250,202498,6165,1582,NA,NA,NA,NA,2021-01-08,PA,42
Puerto Rico,237650,51071,7441,1599,NA,NA,NA,NA,2021-01-08,PR,72
Rhode Island,72175,27696,6813,2614,NA,NA,NA,NA,2021-01-08,RI,44
Republic of Palau,2800,247,15636,1379,NA,NA,NA,NA,2021-01-08,NA,NA
South Carolina,225850,58044,4387,1127,NA,NA,NA,NA,2021-01-08,SC,45
South Dakota,59900,33389,6771,3774,NA,NA,NA,NA,2021-01-08,SD,46
Tennessee,454800,179811,6660,2633,NA,NA,NA,NA,2021-01-08,TN,47
Texas,1676925,545658,5783,1882,NA,NA,NA,NA,2021-01-08,TX,48
Utah,191075,62662,5960,1955,NA,NA,NA,NA,2021-01-08,UT,49
Virginia,556625,136924,6521,1604,NA,NA,NA,NA,2021-01-08,VA,51
Veterans Health,617450,149496,NA,NA,NA,NA,NA,NA,2021-01-08,NA,NA
Virgin Islands,7775,318,7427,304,NA,NA,NA,NA,2021-01-08,VI,78
Vermont,48550,18740,7781,3003,NA,NA,NA,NA,2021-01-08,VT,50
Washington,518550,121354,6810,1594,NA,NA,NA,NA,2021-01-08,WA,53
Wisconsin,322775,82170,5544,1411,NA,NA,NA,NA,2021-01-08,WI,55
West Virginia,126275,74016,7046,4130,NA,NA,NA,NA,2021-01-08,WV,54
Wyoming,40400,9324,6980,1611,NA,NA,NA,NA,2021-01-08,WY,56
